{"frames": [

{
	"filename": "gingerallerton.png",
	"frame": {"x":0,"y":0,"w":120,"h":120},
	"rotated": false,
	"trimmed": false,
	"spriteSourceSize": {"x":0,"y":0,"w":120,"h":120},
	"sourceSize": {"w":120,"h":120}
},
{
	"filename": "gingerflower.png",
	"frame": {"x":120,"y":0,"w":120,"h":120},
	"rotated": false,
	"trimmed": false,
	"spriteSourceSize": {"x":0,"y":0,"w":120,"h":120},
	"sourceSize": {"w":120,"h":120}
},
{
	"filename": "gingerkai.png",
	"frame": {"x":240,"y":0,"w":120,"h":120},
	"rotated": false,
	"trimmed": false,
	"spriteSourceSize": {"x":0,"y":0,"w":120,"h":120},
	"sourceSize": {"w":120,"h":120}
},
{
	"filename": "gingerlion.png",
	"frame": {"x":360,"y":0,"w":120,"h":120},
	"rotated": false,
	"trimmed": false,
	"spriteSourceSize": {"x":0,"y":0,"w":120,"h":120},
	"sourceSize": {"w":120,"h":120}
},
{
	"filename": "gingersally.png",
	"frame": {"x":480,"y":0,"w":120,"h":120},
	"rotated": false,
	"trimmed": false,
	"spriteSourceSize": {"x":0,"y":0,"w":120,"h":120},
	"sourceSize": {"w":120,"h":120}
},
{
	"filename": "gingersitting.png",
	"frame": {"x":600,"y":0,"w":120,"h":120},
	"rotated": false,
	"trimmed": false,
	"spriteSourceSize": {"x":0,"y":0,"w":120,"h":120},
	"sourceSize": {"w":120,"h":120}
},
{
	"filename": "gingersnow.png",
	"frame": {"x":720,"y":0,"w":120,"h":120},
	"rotated": false,
	"trimmed": false,
	"spriteSourceSize": {"x":0,"y":0,"w":120,"h":120},
	"sourceSize": {"w":120,"h":120}
},
{
	"filename": "gingerteeth.png",
	"frame": {"x":840,"y":0,"w":120,"h":120},
	"rotated": false,
	"trimmed": false,
	"spriteSourceSize": {"x":0,"y":0,"w":120,"h":120},
	"sourceSize": {"w":120,"h":120}
},
{
	"filename": "gingertennis.png",
	"frame": {"x":960,"y":0,"w":120,"h":120},
	"rotated": false,
	"trimmed": false,
	"spriteSourceSize": {"x":0,"y":0,"w":120,"h":120},
	"sourceSize": {"w":120,"h":120}
},
{
	"filename": "gingertreat.png",
	"frame": {"x":1080,"y":0,"w":120,"h":120},
	"rotated": false,
	"trimmed": false,
	"spriteSourceSize": {"x":0,"y":0,"w":120,"h":120},
	"sourceSize": {"w":120,"h":120}
},
{
	"filename": "pawprint.png",
	"frame": {"x":1200,"y":0,"w":120,"h":120},
	"rotated": false,
	"trimmed": false,
	"spriteSourceSize": {"x":0,"y":0,"w":120,"h":120},
	"sourceSize": {"w":120,"h":120}
}],
"meta": {
	"app": "http://www.codeandweb.com/texturepacker",
	"version": "1.0",
	"image": "tiles.png",
	"format": "RGBA8888",
	"size": {"w":1320,"h":120},
	"scale": "1",
	"smartupdate": "$TexturePacker:SmartUpdate:08ee9a1c7f65029913fe7c60e87bf8dd:70ea337a7d6bfcba8b52ab3b9f00eb13:accbe1e7e294ded8391337fc1c446319$"
}
}
